[{"model": "auction.auction", "pk": 1, "fields": {"status": 0, "seller": "user1", "title": "auction1", "item_description": "Item description.", "price": "0.01", "bidder_pk_string": "2", "last_bidder": "user2", "deadline": "2017-11-19T16:24:39.175Z", "locked_by": ""}}, {"model": "auction.auction", "pk": 2, "fields": {"status": 0, "seller": "user2", "title": "auction2", "item_description": "Item description.", "price": "0.01", "bidder_pk_string": "3", "last_bidder": "user3", "deadline": "2017-11-19T16:24:39.776Z", "locked_by": ""}}, {"model": "auction.auction", "pk": 3, "fields": {"status": 0, "seller": "user3", "title": "auction3", "item_description": "Item description.", "price": "0.01", "bidder_pk_string": "4", "last_bidder": "user4", "deadline": "2017-11-19T16:24:40.338Z", "locked_by": ""}}, {"model": "auction.auction", "pk": 4, "fields": {"status": 0, "seller": "user4", "title": "auction4", "item_description": "Item description.", "price": "0.01", "bidder_pk_string": "5", "last_bidder": "user5", "deadline": "2017-11-19T16:24:40.823Z", "locked_by": ""}}, {"model": "auction.auction", "pk": 5, "fields": {"status": 0, "seller": "user5", "title": "auction5", "item_description": "Item description.", "price": "0.01", "bidder_pk_string": "6", "last_bidder": "user6", "deadline": "2017-11-19T16:24:41.323Z", "locked_by": ""}}, {"model": "auction.auction", "pk": 6, "fields": {"status": 0, "seller": "user6", "title": "auction6", "item_description": "Item description.", "price": "0.01", "bidder_pk_string": "7", "last_bidder": "user7", "deadline": "2017-11-19T16:24:41.823Z", "locked_by": ""}}, {"model": "auction.auction", "pk": 7, "fields": {"status": 0, "seller": "user7", "title": "auction7", "item_description": "Item description.", "price": "0.01", "bidder_pk_string": "8", "last_bidder": "user8", "deadline": "2017-11-19T16:24:42.354Z", "locked_by": ""}}, {"model": "auction.auction", "pk": 8, "fields": {"status": 0, "seller": "user8", "title": "auction8", "item_description": "Item description.", "price": "0.01", "bidder_pk_string": "9", "last_bidder": "user9", "deadline": "2017-11-19T16:24:42.886Z", "locked_by": ""}}, {"model": "auction.auction", "pk": 9, "fields": {"status": 0, "seller": "user9", "title": "auction9", "item_description": "Item description.", "price": "0.01", "bidder_pk_string": "10", "last_bidder": "user10", "deadline": "2017-11-19T16:24:43.418Z", "locked_by": ""}}, {"model": "auction.auction", "pk": 10, "fields": {"status": 0, "seller": "user10", "title": "auction10", "item_description": "Item description.", "price": "0.01", "bidder_pk_string": "11", "last_bidder": "user11", "deadline": "2017-11-19T16:24:43.980Z", "locked_by": ""}}, {"model": "auction.auction", "pk": 11, "fields": {"status": 0, "seller": "user11", "title": "auction11", "item_description": "Item description.", "price": "0.00", "bidder_pk_string": "", "last_bidder": "", "deadline": "2017-11-19T16:24:44.577Z", "locked_by": ""}}, {"model": "auction.auction", "pk": 12, "fields": {"status": 0, "seller": "user12", "title": "auction12", "item_description": "Item description.", "price": "0.00", "bidder_pk_string": "", "last_bidder": "", "deadline": "2017-11-19T16:24:45.109Z", "locked_by": ""}}, {"model": "auction.auction", "pk": 13, "fields": {"status": 0, "seller": "user13", "title": "auction13", "item_description": "Item description.", "price": "0.00", "bidder_pk_string": "", "last_bidder": "", "deadline": "2017-11-19T16:24:45.700Z", "locked_by": ""}}, {"model": "auction.auction", "pk": 14, "fields": {"status": 0, "seller": "user14", "title": "auction14", "item_description": "Item description.", "price": "0.00", "bidder_pk_string": "", "last_bidder": "", "deadline": "2017-11-19T16:24:46.237Z", "locked_by": ""}}, {"model": "auction.auction", "pk": 15, "fields": {"status": 0, "seller": "user15", "title": "auction15", "item_description": "Item description.", "price": "0.00", "bidder_pk_string": "", "last_bidder": "", "deadline": "2017-11-19T16:24:46.761Z", "locked_by": ""}}, {"model": "auction.auction", "pk": 16, "fields": {"status": 0, "seller": "user16", "title": "auction16", "item_description": "Item description.", "price": "0.00", "bidder_pk_string": "", "last_bidder": "", "deadline": "2017-11-19T16:24:47.339Z", "locked_by": ""}}, {"model": "auction.auction", "pk": 17, "fields": {"status": 0, "seller": "user17", "title": "auction17", "item_description": "Item description.", "price": "0.00", "bidder_pk_string": "", "last_bidder": "", "deadline": "2017-11-19T16:24:47.826Z", "locked_by": ""}}, {"model": "auction.auction", "pk": 18, "fields": {"status": 0, "seller": "user18", "title": "auction18", "item_description": "Item description.", "price": "0.00", "bidder_pk_string": "", "last_bidder": "", "deadline": "2017-11-19T16:24:48.326Z", "locked_by": ""}}, {"model": "auction.auction", "pk": 19, "fields": {"status": 0, "seller": "user19", "title": "auction19", "item_description": "Item description.", "price": "0.00", "bidder_pk_string": "", "last_bidder": "", "deadline": "2017-11-19T16:24:48.858Z", "locked_by": ""}}, {"model": "auction.auction", "pk": 20, "fields": {"status": 0, "seller": "user20", "title": "auction20", "item_description": "Item description.", "price": "0.00", "bidder_pk_string": "", "last_bidder": "", "deadline": "2017-11-19T16:24:49.530Z", "locked_by": ""}}, {"model": "auction.auction", "pk": 21, "fields": {"status": 0, "seller": "user21", "title": "auction21", "item_description": "Item description.", "price": "0.00", "bidder_pk_string": "", "last_bidder": "", "deadline": "2017-11-19T16:24:50.092Z", "locked_by": ""}}, {"model": "auction.auction", "pk": 22, "fields": {"status": 0, "seller": "user22", "title": "auction22", "item_description": "Item description.", "price": "0.00", "bidder_pk_string": "", "last_bidder": "", "deadline": "2017-11-19T16:24:50.686Z", "locked_by": ""}}, {"model": "auction.auction", "pk": 23, "fields": {"status": 0, "seller": "user23", "title": "auction23", "item_description": "Item description.", "price": "0.00", "bidder_pk_string": "", "last_bidder": "", "deadline": "2017-11-19T16:24:51.248Z", "locked_by": ""}}, {"model": "auction.auction", "pk": 24, "fields": {"status": 0, "seller": "user24", "title": "auction24", "item_description": "Item description.", "price": "0.00", "bidder_pk_string": "", "last_bidder": "", "deadline": "2017-11-19T16:24:51.891Z", "locked_by": ""}}, {"model": "auction.auction", "pk": 25, "fields": {"status": 0, "seller": "user25", "title": "auction25", "item_description": "Item description.", "price": "0.00", "bidder_pk_string": "", "last_bidder": "", "deadline": "2017-11-19T16:24:52.453Z", "locked_by": ""}}, {"model": "auction.auction", "pk": 26, "fields": {"status": 0, "seller": "user26", "title": "auction26", "item_description": "Item description.", "price": "0.00", "bidder_pk_string": "", "last_bidder": "", "deadline": "2017-11-19T16:24:53.003Z", "locked_by": ""}}, {"model": "auction.auction", "pk": 27, "fields": {"status": 0, "seller": "user27", "title": "auction27", "item_description": "Item description.", "price": "0.00", "bidder_pk_string": "", "last_bidder": "", "deadline": "2017-11-19T16:24:53.581Z", "locked_by": ""}}, {"model": "auction.auction", "pk": 28, "fields": {"status": 0, "seller": "user28", "title": "auction28", "item_description": "Item description.", "price": "0.00", "bidder_pk_string": "", "last_bidder": "", "deadline": "2017-11-19T16:24:54.104Z", "locked_by": ""}}, {"model": "auction.auction", "pk": 29, "fields": {"status": 0, "seller": "user29", "title": "auction29", "item_description": "Item description.", "price": "0.00", "bidder_pk_string": "", "last_bidder": "", "deadline": "2017-11-19T16:24:54.651Z", "locked_by": ""}}, {"model": "auction.auction", "pk": 30, "fields": {"status": 0, "seller": "user30", "title": "auction30", "item_description": "Item description.", "price": "0.00", "bidder_pk_string": "", "last_bidder": "", "deadline": "2017-11-19T16:24:55.182Z", "locked_by": ""}}, {"model": "auction.auction", "pk": 31, "fields": {"status": 0, "seller": "user31", "title": "auction31", "item_description": "Item description.", "price": "0.00", "bidder_pk_string": "", "last_bidder": "", "deadline": "2017-11-19T16:24:55.745Z", "locked_by": ""}}, {"model": "auction.auction", "pk": 32, "fields": {"status": 0, "seller": "user32", "title": "auction32", "item_description": "Item description.", "price": "0.00", "bidder_pk_string": "", "last_bidder": "", "deadline": "2017-11-19T16:24:56.264Z", "locked_by": ""}}, {"model": "auction.auction", "pk": 33, "fields": {"status": 0, "seller": "user33", "title": "auction33", "item_description": "Item description.", "price": "0.00", "bidder_pk_string": "", "last_bidder": "", "deadline": "2017-11-19T16:24:56.844Z", "locked_by": ""}}, {"model": "auction.auction", "pk": 34, "fields": {"status": 0, "seller": "user34", "title": "auction34", "item_description": "Item description.", "price": "0.00", "bidder_pk_string": "", "last_bidder": "", "deadline": "2017-11-19T16:24:57.360Z", "locked_by": ""}}, {"model": "auction.auction", "pk": 35, "fields": {"status": 0, "seller": "user35", "title": "auction35", "item_description": "Item description.", "price": "0.00", "bidder_pk_string": "", "last_bidder": "", "deadline": "2017-11-19T16:24:57.938Z", "locked_by": ""}}, {"model": "auction.auction", "pk": 36, "fields": {"status": 0, "seller": "user36", "title": "auction36", "item_description": "Item description.", "price": "0.00", "bidder_pk_string": "", "last_bidder": "", "deadline": "2017-11-19T16:24:58.422Z", "locked_by": ""}}, {"model": "auction.auction", "pk": 37, "fields": {"status": 0, "seller": "user37", "title": "auction37", "item_description": "Item description.", "price": "0.00", "bidder_pk_string": "", "last_bidder": "", "deadline": "2017-11-19T16:24:58.940Z", "locked_by": ""}}, {"model": "auction.auction", "pk": 38, "fields": {"status": 0, "seller": "user38", "title": "auction38", "item_description": "Item description.", "price": "0.00", "bidder_pk_string": "", "last_bidder": "", "deadline": "2017-11-19T16:24:59.393Z", "locked_by": ""}}, {"model": "auction.auction", "pk": 39, "fields": {"status": 0, "seller": "user39", "title": "auction39", "item_description": "Item description.", "price": "0.00", "bidder_pk_string": "", "last_bidder": "", "deadline": "2017-11-19T16:24:59.894Z", "locked_by": ""}}, {"model": "auction.auction", "pk": 40, "fields": {"status": 0, "seller": "user40", "title": "auction40", "item_description": "Item description.", "price": "0.00", "bidder_pk_string": "", "last_bidder": "", "deadline": "2017-11-19T16:25:00.394Z", "locked_by": ""}}, {"model": "auction.auction", "pk": 41, "fields": {"status": 0, "seller": "user41", "title": "auction41", "item_description": "Item description.", "price": "0.00", "bidder_pk_string": "", "last_bidder": "", "deadline": "2017-11-19T16:25:00.979Z", "locked_by": ""}}, {"model": "auction.auction", "pk": 42, "fields": {"status": 0, "seller": "user42", "title": "auction42", "item_description": "Item description.", "price": "0.00", "bidder_pk_string": "", "last_bidder": "", "deadline": "2017-11-19T16:25:01.721Z", "locked_by": ""}}, {"model": "auction.auction", "pk": 43, "fields": {"status": 0, "seller": "user43", "title": "auction43", "item_description": "Item description.", "price": "0.00", "bidder_pk_string": "", "last_bidder": "", "deadline": "2017-11-19T16:25:02.268Z", "locked_by": ""}}, {"model": "auction.auction", "pk": 44, "fields": {"status": 0, "seller": "user44", "title": "auction44", "item_description": "Item description.", "price": "0.00", "bidder_pk_string": "", "last_bidder": "", "deadline": "2017-11-19T16:25:02.799Z", "locked_by": ""}}, {"model": "auction.auction", "pk": 45, "fields": {"status": 0, "seller": "user45", "title": "auction45", "item_description": "Item description.", "price": "0.00", "bidder_pk_string": "", "last_bidder": "", "deadline": "2017-11-19T16:25:03.284Z", "locked_by": ""}}, {"model": "auction.auction", "pk": 46, "fields": {"status": 0, "seller": "user46", "title": "auction46", "item_description": "Item description.", "price": "0.00", "bidder_pk_string": "", "last_bidder": "", "deadline": "2017-11-19T16:25:03.877Z", "locked_by": ""}}, {"model": "auction.auction", "pk": 47, "fields": {"status": 0, "seller": "user47", "title": "auction47", "item_description": "Item description.", "price": "0.00", "bidder_pk_string": "", "last_bidder": "", "deadline": "2017-11-19T16:25:04.377Z", "locked_by": ""}}, {"model": "auction.auction", "pk": 48, "fields": {"status": 0, "seller": "user48", "title": "auction48", "item_description": "Item description.", "price": "0.00", "bidder_pk_string": "", "last_bidder": "", "deadline": "2017-11-19T16:25:04.893Z", "locked_by": ""}}, {"model": "auction.auction", "pk": 49, "fields": {"status": 0, "seller": "user49", "title": "auction49", "item_description": "Item description.", "price": "0.00", "bidder_pk_string": "", "last_bidder": "", "deadline": "2017-11-19T16:25:05.409Z", "locked_by": ""}}, {"model": "auction.auction", "pk": 50, "fields": {"status": 0, "seller": "user50", "title": "auction50", "item_description": "Item description.", "price": "0.00", "bidder_pk_string": "", "last_bidder": "", "deadline": "2017-11-19T16:25:05.940Z", "locked_by": ""}}, {"model": "auth.user", "pk": 1, "fields": {"password": "pbkdf2_sha256$36000$03jY98739WDU$TW7NRIqupxEDWZcDfpujhwt7rdiYe79/tZ4SIM0sZHs=", "last_login": null, "is_superuser": false, "username": "user1", "first_name": "", "last_name": "", "email": "user1@example.com", "is_staff": false, "is_active": true, "date_joined": "2017-10-20T16:24:38.663Z", "groups": [], "user_permissions": []}}, {"model": "auth.user", "pk": 2, "fields": {"password": "pbkdf2_sha256$36000$UMBuaZ145ra4$/8lJxYYSJbRGp+6D+aqwzhM80yTBRxEJfmBfrIzV4oo=", "last_login": null, "is_superuser": false, "username": "user2", "first_name": "", "last_name": "", "email": "user2@example.com", "is_staff": false, "is_active": true, "date_joined": "2017-10-20T16:24:39.331Z", "groups": [], "user_permissions": []}}, {"model": "auth.user", "pk": 3, "fields": {"password": "pbkdf2_sha256$36000$qmvAywNKCk7v$kZ7nXvgzacUMqEdNJ4zYJfn5hD7e1kZfFle2cixmX84=", "last_login": null, "is_superuser": false, "username": "user3", "first_name": "", "last_name": "", "email": "user3@example.com", "is_staff": false, "is_active": true, "date_joined": "2017-10-20T16:24:39.901Z", "groups": [], "user_permissions": []}}, {"model": "auth.user", "pk": 4, "fields": {"password": "pbkdf2_sha256$36000$KaB6KWnhq9BL$Xz+U1Zs5M31RSNdmOyWFwZrBeNPCw0qSme+b7juRWro=", "last_login": null, "is_superuser": false, "username": "user4", "first_name": "", "last_name": "", "email": "user4@example.com", "is_staff": false, "is_active": true, "date_joined": "2017-10-20T16:24:40.448Z", "groups": [], "user_permissions": []}}, {"model": "auth.user", "pk": 5, "fields": {"password": "pbkdf2_sha256$36000$1Bw0yZ4Rr6ny$7Q1W6SScgObIH2wHwI1pg/1TUaHDi5H00yMOlhsMHAg=", "last_login": null, "is_superuser": false, "username": "user5", "first_name": "", "last_name": "", "email": "user5@example.com", "is_staff": false, "is_active": true, "date_joined": "2017-10-20T16:24:40.916Z", "groups": [], "user_permissions": []}}, {"model": "auth.user", "pk": 6, "fields": {"password": "pbkdf2_sha256$36000$qjgibyiSFjyd$1o/8Z1EBeWTMj1FNGf2XMrKAqZR4Uk0uK2MoO7nMEPU=", "last_login": null, "is_superuser": false, "username": "user6", "first_name": "", "last_name": "", "email": "user6@example.com", "is_staff": false, "is_active": true, "date_joined": "2017-10-20T16:24:41.432Z", "groups": [], "user_permissions": []}}, {"model": "auth.user", "pk": 7, "fields": {"password": "pbkdf2_sha256$36000$suPXPhSOqviQ$xcoUjmNVlQErVi+OB5+utntUEzLldWLKOZQ9+NH05lA=", "last_login": null, "is_superuser": false, "username": "user7", "first_name": "", "last_name": "", "email": "user7@example.com", "is_staff": false, "is_active": true, "date_joined": "2017-10-20T16:24:41.932Z", "groups": [], "user_permissions": []}}, {"model": "auth.user", "pk": 8, "fields": {"password": "pbkdf2_sha256$36000$7xa0u4nYdU5o$H4rZty2iHsi2ua4M8Tb4hNvzBSc0iDGDNzwH80xj0Hs=", "last_login": null, "is_superuser": false, "username": "user8", "first_name": "", "last_name": "", "email": "user8@example.com", "is_staff": false, "is_active": true, "date_joined": "2017-10-20T16:24:42.479Z", "groups": [], "user_permissions": []}}, {"model": "auth.user", "pk": 9, "fields": {"password": "pbkdf2_sha256$36000$u05vaFMFMraE$k36ue2ebcLxLdRfuWS/0zvF/QvXz9t+e+fZOzzV3Sf4=", "last_login": null, "is_superuser": false, "username": "user9", "first_name": "", "last_name": "", "email": "user9@example.com", "is_staff": false, "is_active": true, "date_joined": "2017-10-20T16:24:42.996Z", "groups": [], "user_permissions": []}}, {"model": "auth.user", "pk": 10, "fields": {"password": "pbkdf2_sha256$36000$Tz9cdqM1cA2X$VD6Bw8kR+Z9TvoNNvjP04Ufa3YD4QGh+Ue7iGkZLcAs=", "last_login": null, "is_superuser": false, "username": "user10", "first_name": "", "last_name": "", "email": "user10@example.com", "is_staff": false, "is_active": true, "date_joined": "2017-10-20T16:24:43.543Z", "groups": [], "user_permissions": []}}, {"model": "auth.user", "pk": 11, "fields": {"password": "pbkdf2_sha256$36000$kP4AKPp2khIB$1IClZtxvN2xVUEbh+YxDdp11TCag/qrEpa7BRFTBaXM=", "last_login": null, "is_superuser": false, "username": "user11", "first_name": "", "last_name": "", "email": "user11@example.com", "is_staff": false, "is_active": true, "date_joined": "2017-10-20T16:24:44.121Z", "groups": [], "user_permissions": []}}, {"model": "auth.user", "pk": 12, "fields": {"password": "pbkdf2_sha256$36000$mVYzbo1PSQL3$9GhOKmfLUaDFSOnbcLZFmn3vkZXft7yu12abHl9ODOc=", "last_login": null, "is_superuser": false, "username": "user12", "first_name": "", "last_name": "", "email": "user12@example.com", "is_staff": false, "is_active": true, "date_joined": "2017-10-20T16:24:44.686Z", "groups": [], "user_permissions": []}}, {"model": "auth.user", "pk": 13, "fields": {"password": "pbkdf2_sha256$36000$d7hGZxe4UmZv$MpDw8Nx4dUN4sqW7AqKPKVoKFqSOryv1SboGbkqTS7E=", "last_login": null, "is_superuser": false, "username": "user13", "first_name": "", "last_name": "", "email": "user13@example.com", "is_staff": false, "is_active": true, "date_joined": "2017-10-20T16:24:45.257Z", "groups": [], "user_permissions": []}}, {"model": "auth.user", "pk": 14, "fields": {"password": "pbkdf2_sha256$36000$4KfbsHYqRHWa$ZYqnsXjWkzhvUfkC3Wl+IeMNTCl4jlOKdzFE0K2VqMU=", "last_login": null, "is_superuser": false, "username": "user14", "first_name": "", "last_name": "", "email": "user14@example.com", "is_staff": false, "is_active": true, "date_joined": "2017-10-20T16:24:45.815Z", "groups": [], "user_permissions": []}}, {"model": "auth.user", "pk": 15, "fields": {"password": "pbkdf2_sha256$36000$gc8yMghxKgs1$Lw38oPeS9QprhF4I0indBxX9yBCwH+/bzyr6YUy66WM=", "last_login": null, "is_superuser": false, "username": "user15", "first_name": "", "last_name": "", "email": "user15@example.com", "is_staff": false, "is_active": true, "date_joined": "2017-10-20T16:24:46.331Z", "groups": [], "user_permissions": []}}, {"model": "auth.user", "pk": 16, "fields": {"password": "pbkdf2_sha256$36000$281u5UXbrPwV$siOG++yJt2fn2FoXD8zLhZ4YyacCn4J8s/u7DmNaQ5Y=", "last_login": null, "is_superuser": false, "username": "user16", "first_name": "", "last_name": "", "email": "user16@example.com", "is_staff": false, "is_active": true, "date_joined": "2017-10-20T16:24:46.886Z", "groups": [], "user_permissions": []}}, {"model": "auth.user", "pk": 17, "fields": {"password": "pbkdf2_sha256$36000$lxcQVA2qPyb0$BZ0vsHqiD+Ls/FiqlKjUfEQBPMBz2/CkTPNQyEt512Y=", "last_login": null, "is_superuser": false, "username": "user17", "first_name": "", "last_name": "", "email": "user17@example.com", "is_staff": false, "is_active": true, "date_joined": "2017-10-20T16:24:47.433Z", "groups": [], "user_permissions": []}}, {"model": "auth.user", "pk": 18, "fields": {"password": "pbkdf2_sha256$36000$Y9CEyzp9J9uD$6JwY5f/0lnVkh/5s7mETUSN2xfd0H8unAD2qrvJztxM=", "last_login": null, "is_superuser": false, "username": "user18", "first_name": "", "last_name": "", "email": "user18@example.com", "is_staff": false, "is_active": true, "date_joined": "2017-10-20T16:24:47.920Z", "groups": [], "user_permissions": []}}, {"model": "auth.user", "pk": 19, "fields": {"password": "pbkdf2_sha256$36000$PzHSX9PVhpIQ$AXNGw0aRnGBzNE8xmzSljnuwFLvwfQqBf1unpG3ay6o=", "last_login": null, "is_superuser": false, "username": "user19", "first_name": "", "last_name": "", "email": "user19@example.com", "is_staff": false, "is_active": true, "date_joined": "2017-10-20T16:24:48.436Z", "groups": [], "user_permissions": []}}, {"model": "auth.user", "pk": 20, "fields": {"password": "pbkdf2_sha256$36000$S1VzVYxoeFRC$WEo7fkucMAN+26XLQvdJPBXRIO1FCQGMIQjP+LAYoIY=", "last_login": null, "is_superuser": false, "username": "user20", "first_name": "", "last_name": "", "email": "user20@example.com", "is_staff": false, "is_active": true, "date_joined": "2017-10-20T16:24:49.045Z", "groups": [], "user_permissions": []}}, {"model": "auth.user", "pk": 21, "fields": {"password": "pbkdf2_sha256$36000$jqyFiWFULBa4$n+9ZvL8C1iYBHogIZdAHH37YzdZ4VBIpTh/PJZcaTdE=", "last_login": null, "is_superuser": false, "username": "user21", "first_name": "", "last_name": "", "email": "user21@example.com", "is_staff": false, "is_active": true, "date_joined": "2017-10-20T16:24:49.655Z", "groups": [], "user_permissions": []}}, {"model": "auth.user", "pk": 22, "fields": {"password": "pbkdf2_sha256$36000$eHEXfg75SV7H$rny99JuOFX9N0ObCCveQcO+/D8a9NqGMC4mBLsNNcNA=", "last_login": null, "is_superuser": false, "username": "user22", "first_name": "", "last_name": "", "email": "user22@example.com", "is_staff": false, "is_active": true, "date_joined": "2017-10-20T16:24:50.217Z", "groups": [], "user_permissions": []}}, {"model": "auth.user", "pk": 23, "fields": {"password": "pbkdf2_sha256$36000$aHYzvPx4ZY0I$WZEMihRD+ICJLF7oCr+FmrMWRdVZ7jWf/nG2+k6fHfc=", "last_login": null, "is_superuser": false, "username": "user23", "first_name": "", "last_name": "", "email": "user23@example.com", "is_staff": false, "is_active": true, "date_joined": "2017-10-20T16:24:50.826Z", "groups": [], "user_permissions": []}}, {"model": "auth.user", "pk": 24, "fields": {"password": "pbkdf2_sha256$36000$4dfXfhoWuiIm$8mnI6bOg58b/fRsZJKfYYRSxGYgT+LzP/++EmqLHJrM=", "last_login": null, "is_superuser": false, "username": "user24", "first_name": "", "last_name": "", "email": "user24@example.com", "is_staff": false, "is_active": true, "date_joined": "2017-10-20T16:24:51.389Z", "groups": [], "user_permissions": []}}, {"model": "auth.user", "pk": 25, "fields": {"password": "pbkdf2_sha256$36000$jczuc3fyjUZ6$dVM3AQfdwN7VD2CnOCAPTxHUvQOJwUbKoT5Dhi1x9/A=", "last_login": null, "is_superuser": false, "username": "user25", "first_name": "", "last_name": "", "email": "user25@example.com", "is_staff": false, "is_active": true, "date_joined": "2017-10-20T16:24:52.000Z", "groups": [], "user_permissions": []}}, {"model": "auth.user", "pk": 26, "fields": {"password": "pbkdf2_sha256$36000$wH2qGEWAFHzB$5C41szFMWAlfCzu3hiGozzdHO/jMm2PpUEzmu3UH11M=", "last_login": null, "is_superuser": false, "username": "user26", "first_name": "", "last_name": "", "email": "user26@example.com", "is_staff": false, "is_active": true, "date_joined": "2017-10-20T16:24:52.578Z", "groups": [], "user_permissions": []}}, {"model": "auth.user", "pk": 27, "fields": {"password": "pbkdf2_sha256$36000$jQSMpD1WEwbk$4KWFmIwC8A8yjHskCYcw4aK+g7A4NIMR0BMStNRYwi0=", "last_login": null, "is_superuser": false, "username": "user27", "first_name": "", "last_name": "", "email": "user27@example.com", "is_staff": false, "is_active": true, "date_joined": "2017-10-20T16:24:53.128Z", "groups": [], "user_permissions": []}}, {"model": "auth.user", "pk": 28, "fields": {"password": "pbkdf2_sha256$36000$Y4WTc5MlHKkm$vgOxtFYaVrIg8mPnFByJxNof9iZ+D1Gzb4YWZburdQg=", "last_login": null, "is_superuser": false, "username": "user28", "first_name": "", "last_name": "", "email": "user28@example.com", "is_staff": false, "is_active": true, "date_joined": "2017-10-20T16:24:53.691Z", "groups": [], "user_permissions": []}}, {"model": "auth.user", "pk": 29, "fields": {"password": "pbkdf2_sha256$36000$oDpRjjhjGB0M$uO6V6NdvTZGZNJHHSy5sFfUttd9TRegjtO09rn6/XcE=", "last_login": null, "is_superuser": false, "username": "user29", "first_name": "", "last_name": "", "email": "user29@example.com", "is_staff": false, "is_active": true, "date_joined": "2017-10-20T16:24:54.245Z", "groups": [], "user_permissions": []}}, {"model": "auth.user", "pk": 30, "fields": {"password": "pbkdf2_sha256$36000$JMWTHrJIu1ZN$RNmVUp6Y6X+inrpbnXP2C3uPv2vQMag2b33A3uVe9Fc=", "last_login": null, "is_superuser": false, "username": "user30", "first_name": "", "last_name": "", "email": "user30@example.com", "is_staff": false, "is_active": true, "date_joined": "2017-10-20T16:24:54.745Z", "groups": [], "user_permissions": []}}, {"model": "auth.user", "pk": 31, "fields": {"password": "pbkdf2_sha256$36000$FUIFN52EMxjY$Yjs9edKfOBZPpVRfxL8a+VhtK8el1zJn2YILtYM9irc=", "last_login": null, "is_superuser": false, "username": "user31", "first_name": "", "last_name": "", "email": "user31@example.com", "is_staff": false, "is_active": true, "date_joined": "2017-10-20T16:24:55.323Z", "groups": [], "user_permissions": []}}, {"model": "auth.user", "pk": 32, "fields": {"password": "pbkdf2_sha256$36000$aZRVxnN4ysnD$/OlsG9YPUclS+AYlpPy3scJp2JQKo79WJ3uv6LQlytY=", "last_login": null, "is_superuser": false, "username": "user32", "first_name": "", "last_name": "", "email": "user32@example.com", "is_staff": false, "is_active": true, "date_joined": "2017-10-20T16:24:55.854Z", "groups": [], "user_permissions": []}}, {"model": "auth.user", "pk": 33, "fields": {"password": "pbkdf2_sha256$36000$vEOy0iWUqLDK$w1Ig8IF4+GuJuM4IV9mM1IQ55yhQ3hsnvjh3tYyApqY=", "last_login": null, "is_superuser": false, "username": "user33", "first_name": "", "last_name": "", "email": "user33@example.com", "is_staff": false, "is_active": true, "date_joined": "2017-10-20T16:24:56.389Z", "groups": [], "user_permissions": []}}, {"model": "auth.user", "pk": 34, "fields": {"password": "pbkdf2_sha256$36000$T4IbPtIxuXwh$BSGojmWFXIcZeqGKgENQ3WdN2B1pCTgQyteBoVSC25w=", "last_login": null, "is_superuser": false, "username": "user34", "first_name": "", "last_name": "", "email": "user34@example.com", "is_staff": false, "is_active": true, "date_joined": "2017-10-20T16:24:56.938Z", "groups": [], "user_permissions": []}}, {"model": "auth.user", "pk": 35, "fields": {"password": "pbkdf2_sha256$36000$UorafiGROpfC$Ioamc81D7wRbdW4mimGhTRZnXEU41/7QMmydEA4X9k8=", "last_login": null, "is_superuser": false, "username": "user35", "first_name": "", "last_name": "", "email": "user35@example.com", "is_staff": false, "is_active": true, "date_joined": "2017-10-20T16:24:57.469Z", "groups": [], "user_permissions": []}}, {"model": "auth.user", "pk": 36, "fields": {"password": "pbkdf2_sha256$36000$Ie7yTtu8SxnP$21mWPANetnVkGkJVN0Us5PstGXFcltvh3RDa87/TooQ=", "last_login": null, "is_superuser": false, "username": "user36", "first_name": "", "last_name": "", "email": "user36@example.com", "is_staff": false, "is_active": true, "date_joined": "2017-10-20T16:24:58.048Z", "groups": [], "user_permissions": []}}, {"model": "auth.user", "pk": 37, "fields": {"password": "pbkdf2_sha256$36000$w1v26QBoTaHj$MN52TTLQrLtg32/XdUO/j6fMkElkhb1A8mM9SkCyolo=", "last_login": null, "is_superuser": false, "username": "user37", "first_name": "", "last_name": "", "email": "user37@example.com", "is_staff": false, "is_active": true, "date_joined": "2017-10-20T16:24:58.580Z", "groups": [], "user_permissions": []}}, {"model": "auth.user", "pk": 38, "fields": {"password": "pbkdf2_sha256$36000$rqnKNZgiObsw$66qGzeCOEe+RBYuVLLy0qpry+GgiHJHauad+5JyHVOw=", "last_login": null, "is_superuser": false, "username": "user38", "first_name": "", "last_name": "", "email": "user38@example.com", "is_staff": false, "is_active": true, "date_joined": "2017-10-20T16:24:59.034Z", "groups": [], "user_permissions": []}}, {"model": "auth.user", "pk": 39, "fields": {"password": "pbkdf2_sha256$36000$dl8aRc9OKMHH$SXL9nRKuN3zmLwKpjYuQxDMy6xjGsEmiqUddZgyVI6I=", "last_login": null, "is_superuser": false, "username": "user39", "first_name": "", "last_name": "", "email": "user39@example.com", "is_staff": false, "is_active": true, "date_joined": "2017-10-20T16:24:59.503Z", "groups": [], "user_permissions": []}}, {"model": "auth.user", "pk": 40, "fields": {"password": "pbkdf2_sha256$36000$aeppsSrQVOhN$dwlYN5Ae+LhzhTke+79VNDr65MHGD5UvOzqfE+0T0z0=", "last_login": null, "is_superuser": false, "username": "user40", "first_name": "", "last_name": "", "email": "user40@example.com", "is_staff": false, "is_active": true, "date_joined": "2017-10-20T16:24:59.988Z", "groups": [], "user_permissions": []}}, {"model": "auth.user", "pk": 41, "fields": {"password": "pbkdf2_sha256$36000$e5EfKfRXt0yE$od9/luBdMfTUHMdf1GeX9ZiEWpAdboUk76DKX/2FTVY=", "last_login": null, "is_superuser": false, "username": "user41", "first_name": "", "last_name": "", "email": "user41@example.com", "is_staff": false, "is_active": true, "date_joined": "2017-10-20T16:25:00.535Z", "groups": [], "user_permissions": []}}, {"model": "auth.user", "pk": 42, "fields": {"password": "pbkdf2_sha256$36000$C4q3iAJRxiPs$pWpTER3MeK0sw1FNEgNbI/TK/DLheJQTjGquQwMLMdo=", "last_login": null, "is_superuser": false, "username": "user42", "first_name": "", "last_name": "", "email": "user42@example.com", "is_staff": false, "is_active": true, "date_joined": "2017-10-20T16:25:01.119Z", "groups": [], "user_permissions": []}}, {"model": "auth.user", "pk": 43, "fields": {"password": "pbkdf2_sha256$36000$NUze02Dr1YOw$1W6UYGxiEwEUoZSpBmjYRJjKWnv4cWPkL0tRVT4qKsM=", "last_login": null, "is_superuser": false, "username": "user43", "first_name": "", "last_name": "", "email": "user43@example.com", "is_staff": false, "is_active": true, "date_joined": "2017-10-20T16:25:01.846Z", "groups": [], "user_permissions": []}}, {"model": "auth.user", "pk": 44, "fields": {"password": "pbkdf2_sha256$36000$lAA02nJlWggQ$8mIj1CEsfWe2pg4m6alkzyJjH6NEXWAM2tgIOeGacK4=", "last_login": null, "is_superuser": false, "username": "user44", "first_name": "", "last_name": "", "email": "user44@example.com", "is_staff": false, "is_active": true, "date_joined": "2017-10-20T16:25:02.377Z", "groups": [], "user_permissions": []}}, {"model": "auth.user", "pk": 45, "fields": {"password": "pbkdf2_sha256$36000$EFj4oyrHmNxE$Zv3/UgAQIaJcOnMSaPqk2oPY6+Vv3xuG1rDc9+JxINI=", "last_login": null, "is_superuser": false, "username": "user45", "first_name": "", "last_name": "", "email": "user45@example.com", "is_staff": false, "is_active": true, "date_joined": "2017-10-20T16:25:02.893Z", "groups": [], "user_permissions": []}}, {"model": "auth.user", "pk": 46, "fields": {"password": "pbkdf2_sha256$36000$V1EZi3IxcuBu$GNqMRU5scOAAJCYm7A1T5BQtzK1QygDrPlGbRDUlji4=", "last_login": null, "is_superuser": false, "username": "user46", "first_name": "", "last_name": "", "email": "user46@example.com", "is_staff": false, "is_active": true, "date_joined": "2017-10-20T16:25:03.409Z", "groups": [], "user_permissions": []}}, {"model": "auth.user", "pk": 47, "fields": {"password": "pbkdf2_sha256$36000$P1wKZFKgDLjR$1OfLIaR8hpxC9sqJ2bFoRKRza+dasDvc82zW0q9CHts=", "last_login": null, "is_superuser": false, "username": "user47", "first_name": "", "last_name": "", "email": "user47@example.com", "is_staff": false, "is_active": true, "date_joined": "2017-10-20T16:25:03.987Z", "groups": [], "user_permissions": []}}, {"model": "auth.user", "pk": 48, "fields": {"password": "pbkdf2_sha256$36000$i9QPqdY6gk4z$ZZLf0n0X0a1WMsd3blWshReTNsVg137EiWIv939oaaA=", "last_login": null, "is_superuser": false, "username": "user48", "first_name": "", "last_name": "", "email": "user48@example.com", "is_staff": false, "is_active": true, "date_joined": "2017-10-20T16:25:04.503Z", "groups": [], "user_permissions": []}}, {"model": "auth.user", "pk": 49, "fields": {"password": "pbkdf2_sha256$36000$Q2hQc4CBsAJm$zAkWl0HgJEr3NvzbF+R42Z/7mXLB7tmkeChEpU0HyCc=", "last_login": null, "is_superuser": false, "username": "user49", "first_name": "", "last_name": "", "email": "user49@example.com", "is_staff": false, "is_active": true, "date_joined": "2017-10-20T16:25:04.987Z", "groups": [], "user_permissions": []}}, {"model": "auth.user", "pk": 50, "fields": {"password": "pbkdf2_sha256$36000$VjerWyRpGo3u$8Ns8rGzv/e7j36Xhhj0Exzm8bggjFLAig8cO7AVnxeI=", "last_login": null, "is_superuser": false, "username": "user50", "first_name": "", "last_name": "", "email": "user50@example.com", "is_staff": false, "is_active": true, "date_joined": "2017-10-20T16:25:05.565Z", "groups": [], "user_permissions": []}}, {"model": "auction.auctionuser", "pk": 1, "fields": {"language": "en", "user": 1}}, {"model": "auction.auctionuser", "pk": 2, "fields": {"language": "en", "user": 2}}, {"model": "auction.auctionuser", "pk": 3, "fields": {"language": "en", "user": 3}}, {"model": "auction.auctionuser", "pk": 4, "fields": {"language": "en", "user": 4}}, {"model": "auction.auctionuser", "pk": 5, "fields": {"language": "en", "user": 5}}, {"model": "auction.auctionuser", "pk": 6, "fields": {"language": "en", "user": 6}}, {"model": "auction.auctionuser", "pk": 7, "fields": {"language": "en", "user": 7}}, {"model": "auction.auctionuser", "pk": 8, "fields": {"language": "en", "user": 8}}, {"model": "auction.auctionuser", "pk": 9, "fields": {"language": "en", "user": 9}}, {"model": "auction.auctionuser", "pk": 10, "fields": {"language": "en", "user": 10}}, {"model": "auction.auctionuser", "pk": 11, "fields": {"language": "en", "user": 11}}, {"model": "auction.auctionuser", "pk": 12, "fields": {"language": "en", "user": 12}}, {"model": "auction.auctionuser", "pk": 13, "fields": {"language": "en", "user": 13}}, {"model": "auction.auctionuser", "pk": 14, "fields": {"language": "en", "user": 14}}, {"model": "auction.auctionuser", "pk": 15, "fields": {"language": "en", "user": 15}}, {"model": "auction.auctionuser", "pk": 16, "fields": {"language": "en", "user": 16}}, {"model": "auction.auctionuser", "pk": 17, "fields": {"language": "en", "user": 17}}, {"model": "auction.auctionuser", "pk": 18, "fields": {"language": "en", "user": 18}}, {"model": "auction.auctionuser", "pk": 19, "fields": {"language": "en", "user": 19}}, {"model": "auction.auctionuser", "pk": 20, "fields": {"language": "en", "user": 20}}, {"model": "auction.auctionuser", "pk": 21, "fields": {"language": "en", "user": 21}}, {"model": "auction.auctionuser", "pk": 22, "fields": {"language": "en", "user": 22}}, {"model": "auction.auctionuser", "pk": 23, "fields": {"language": "en", "user": 23}}, {"model": "auction.auctionuser", "pk": 24, "fields": {"language": "en", "user": 24}}, {"model": "auction.auctionuser", "pk": 25, "fields": {"language": "en", "user": 25}}, {"model": "auction.auctionuser", "pk": 26, "fields": {"language": "en", "user": 26}}, {"model": "auction.auctionuser", "pk": 27, "fields": {"language": "en", "user": 27}}, {"model": "auction.auctionuser", "pk": 28, "fields": {"language": "en", "user": 28}}, {"model": "auction.auctionuser", "pk": 29, "fields": {"language": "en", "user": 29}}, {"model": "auction.auctionuser", "pk": 30, "fields": {"language": "en", "user": 30}}, {"model": "auction.auctionuser", "pk": 31, "fields": {"language": "en", "user": 31}}, {"model": "auction.auctionuser", "pk": 32, "fields": {"language": "en", "user": 32}}, {"model": "auction.auctionuser", "pk": 33, "fields": {"language": "en", "user": 33}}, {"model": "auction.auctionuser", "pk": 34, "fields": {"language": "en", "user": 34}}, {"model": "auction.auctionuser", "pk": 35, "fields": {"language": "en", "user": 35}}, {"model": "auction.auctionuser", "pk": 36, "fields": {"language": "en", "user": 36}}, {"model": "auction.auctionuser", "pk": 37, "fields": {"language": "en", "user": 37}}, {"model": "auction.auctionuser", "pk": 38, "fields": {"language": "en", "user": 38}}, {"model": "auction.auctionuser", "pk": 39, "fields": {"language": "en", "user": 39}}, {"model": "auction.auctionuser", "pk": 40, "fields": {"language": "en", "user": 40}}, {"model": "auction.auctionuser", "pk": 41, "fields": {"language": "en", "user": 41}}, {"model": "auction.auctionuser", "pk": 42, "fields": {"language": "en", "user": 42}}, {"model": "auction.auctionuser", "pk": 43, "fields": {"language": "en", "user": 43}}, {"model": "auction.auctionuser", "pk": 44, "fields": {"language": "en", "user": 44}}, {"model": "auction.auctionuser", "pk": 45, "fields": {"language": "en", "user": 45}}, {"model": "auction.auctionuser", "pk": 46, "fields": {"language": "en", "user": 46}}, {"model": "auction.auctionuser", "pk": 47, "fields": {"language": "en", "user": 47}}, {"model": "auction.auctionuser", "pk": 48, "fields": {"language": "en", "user": 48}}, {"model": "auction.auctionuser", "pk": 49, "fields": {"language": "en", "user": 49}}, {"model": "auction.auctionuser", "pk": 50, "fields": {"language": "en", "user": 50}}]